{
    "Alley": ["NoAlley", "Grvl", "Pave"],
    "MSSubClass": ["20", "30", "40", "45", "50", "60", "70", "75", "80", "85", "90", "120", "150", "160", "180", "190"],
    "MSZoning": ["A", "C", "FV", "I", "RH", "RL", "RP", "RM"],
    "Street": ["Grvl", "Pave"],
    "LotShape": ["Reg", "IR1", "IR2", "IR3"],
    "LandContour": ["Lvl", "Bnk", "HLS", "Low"],
    "Utilities": ["AllPub", "NoSewr", "NoSeWa", "ELO"],
    "LotConfig": ["Inside", "Corner", "CulDSac", "FR2", "FR3"],
    "LandSlope": ["Gtl", "Mod", "Sev"],
    "Neighborhood": ["Blmngtn", "Blueste", "BrDale", "BrkSide", "ClearCr", "CollgCr", "Crawfor", "Edwards", "Gilbert", "IDOTRR", "MeadowV", "Mitchel", "NAmes", "NoRidge", "NPkVill", "NridgHt", "NWAmes", "OldTown", "SWISU", "Sawyer", "SawyerW", "Somerst", "StoneBr", "Timber", "Veenker"],
    "Condition1": ["Artery", "Feedr", "Norm", "PosA", "PosN", "RRAe", "RRNn", "RRAn", "RRNe"],
    "Condition2": ["Artery", "Feedr", "Norm", "PosA", "PosN", "RRAe", "RRNn", "RRAn", "RRNe"],
    "BldgType": ["1Fam", "2fmCon", "Duplex", "TwnhsE", "TwnhsI"],
    "HouseStyle": ["1.5Unf", "1Story", "2.5Unf", "2Story", "SFoyer", "SFLiv", "2.5Fin", "1.5Fin", "SLvl"],
    "RoofStyle": ["Flat", "Gable", "Gambrel", "Hip", "Mansard", "Shed"],
    "RoofMatl": ["ClyTile", "CompShg", "Membran", "Metal", "Roll", "Tar&Grv", "WdShake", "WdShngl"],
    "Exterior1st": ["Other", "AsbShng", "AsphShn", "BrkComm", "BrkFace", "CBlock", "CemntBd", "HdBoard", "ImStucc", "MetalSd", "Plywood", "PreCast", "Stone", "Stucco", "VinylSd", "Wd Sdng", "WdShing"],
    "Exterior2nd": ["Other", "AsbShng", "AsphShn", "BrkComm", "BrkFace", "CBlock", "CemntBd", "HdBoard", "ImStucc", "MetalSd", "Plywood", "PreCast", "Stone", "Stucco", "VinylSd", "Wd Sdng", "WdShing"],
    "MasVnrType": ["NoMasonry", "BrkCmn", "BrkFace", "CBlock", "Stone"],
    "Foundation": ["BrkTil", "CBlock", "PConc", "Slab", "Stone", "Wood"],
    "Heating": ["Floor", "GasA", "GasW", "Grav", "OthW", "Wall"],
    "CentralAir": ["N", "Y"],
    "Electrical": ["Mix", "FuseA", "FuseF", "FuseP", "SBrkr"],
    "Functional": ["Typ", "Maj1", "Maj2", "Min1", "Min2", "Mod", "Sev", "Sal"],
    "GarageType": ["NoGarage", "Attchd", "Basment", "BuiltIn", "CarPort", "Detchd", "2Types"],
    "PavedDrive": ["N", "P", "Y"],
    "SaleType": ["Oth", "Con", "ConLD", "ConLI", "ConLw", "New", "WD", "CWD", "VWD", "COD"],
    "SaleCondition": ["Abnorml", "AdjLand", "Alloca", "Family", "Normal", "Partial"]
}